ID,Type,SKU,Name,Published,"Is featured?","Visibility in catalog","Short description",Description,"Date sale price starts","Date sale price ends","Tax status","Tax class","In stock?",Stock,"Low stock amount","Backorders allowed?","Sold individually?","Weight (kg)","Length (cm)","Width (cm)","Height (cm)","Allow customer reviews?","Purchase note","Sale price","Regular price",Categories,Tags,"Shipping class",Images,"Download limit","Download expiry days",Parent,"Grouped products",Upsells,Cross-sells,"External URL","Button text",Position
7949,simple,BA8342,"Barquettes aluminium 400ml",1,0,visible,"pack de 25","Recyclable et resistant aux graisses et aux huiles.\nContenance : 400ml\nMateriel : aluminium\nForme : carre\nContact alimentaire : oui\nPlage de temperature min/max : -20xc2xbaC / +380xc2xbaC.\nConvient pour le micro-onde\nConvient pour le chauffage au four, la cuisson xc3xa0 la vapeur et les grillades.\nCompatible avec la congelation par air pulse et la fermeture par film plastique.\nCouvercles compatibles disponibles dans les accessoires.\nPrix pour un paquet de 25 barquettes.\nUnites par paquet\npack de 25",,,taxable,,1,,,0,0,,,,,1,,,"1250,00","Aluminium, Barquettes",,,"http://laroseellc.shop/wp-content/uploads/2023/08/barquettes-alu.jpg, http://laroseellc.shop/wp-content/uploads/2023/08/barquettes-aluminiul.jpg, http://laroseellc.shop/wp-content/uploads/2023/08/barquettes-aluminium.jpg",,,,,,,,,0
7950,simple,BA8389,"Barquettes aluminium 800ml",1,0,visible,"pack de 25","Recyclable et resistant aux graisses et aux huiles.\nContenance : 800ml\nMateriel : aluminium\nForme : rectangulaire\nContact alimentaire : oui\nPlage de temperature min/max : -20xc2xbaC / +380xc2xbaC.\nConvient pour le micro-onde\nConvient pour le chauffage au four, la cuisson xc3xa0 la vapeur et les grillades.\nCompatible avec la congelation par air pulse et la fermeture par film plastique.\nCouvercles compatibles disponibles dans les accessoires.\nPrix pour un paquet de 25 barquettes.\nUnites par paquet\npack de 25",,,taxable,,1,,,0,0,,,,,1,,,"2500,00","Aluminium, Barquettes",,,"http://laroseellc.shop/wp-content/uploads/2023/08/barquette-aluminium-rectangulaire-440-ml.jpg, http://laroseellc.shop/wp-content/uploads/2023/08/barquettes-alu-1.jpg, http://laroseellc.shop/wp-content/uploads/2023/08/barquettes-alum.png",,,,,,,,,0
7951,simple,BA83115,"Barquettes aluminium 900ml",1,0,visible,"pack de 25","Recyclable et resistant aux graisses et aux huiles.\nContenance : 900ml\nMateriel : aluminium\nForme : rectangulaire\nContact alimentaire : oui\nPlage de temperature min/max : -20xc2xbaC / +380xc2xbaC.\nConvient pour le micro-onde\nConvient pour le chauffage au four, la cuisson xc3xa0 la vapeur et les grillades.\nCompatible avec la congelation par air pulse et la fermeture par film plastique.\nCouvercles compatibles disponibles dans les accessoires.\nPrix pour un paquet de 25 barquettes.\nUnites par paquet\npack de 25",,,taxable,,1,,,0,0,,,,,1,,,"4000,00","Aluminium, Barquettes",,,"http://laroseellc.shop/wp-content/uploads/2023/08/gamelles-alu-2.jpg, http://laroseellc.shop/wp-content/uploads/2023/08/gamelles-alu.jpg",,,,,,,,,0
7952,simple,BA83120,"Barquettes aluminium 1200 ml",1,0,visible,"pack de 20","Recyclable et resistant aux graisses et aux huiles.\nContenance : 1200 ml\nMateriel : aluminium\nForme : rectangulaire\nContact alimentaire : oui\nPlage de temperature min/max : -20xc2xbaC / +380xc2xbaC.\nConvient pour le micro-onde\nConvient pour le chauffage au four, la cuisson xc3xa0 la vapeur et les grillades.\nCompatible avec la congelation par air pulse et la fermeture par film plastique.\nCouvercles compatibles disponibles dans les accessoires.\nPrix pour un paquet de 20 barquettes.\nUnites par paquet\npack de 20",,,taxable,,1,,,0,0,,,,,1,,,"4000,00","Aluminium, Barquettes",,,"http://laroseellc.shop/wp-content/uploads/2023/08/barquettes-alu.png, http://laroseellc.shop/wp-content/uploads/2023/08/barquettes-alumi.png",,,,,,,,,0
7953,simple,BA8382,"Barquettes aluminium 900 ml 2 comp.",1,0,visible,"pack de 25","Recyclable et resistant aux graisses et aux huiles.\nContenance : 800ml\nMateriel : aluminium\nForme : rectangulaire\nContact alimentaire : oui\nPlage de temperature min/max : -20xc2xbaC / +380xc2xbaC.\nConvient pour le micro-onde\nConvient pour le chauffage au four, la cuisson xc3xa0 la vapeur et les grillades.\nCompatible avec la congelation par air pulse et la fermeture par film plastique.\nCouvercles compatibles disponibles dans les accessoires.\nPrix pour un paquet de 25 barquettes.\nUnites par paquet\npack de 25",,,taxable,,1,,,0,0,,,,,1,,,"3500,00","Aluminium, Barquettes",,,,,,,,,,,,0
7954,simple,BA8385,"Barquettes aluminium 900 ml 3 comp.",1,0,visible,"pack de 20","Recyclable et resistant aux graisses et aux huiles.\nContenance : 900ml\nMateriel : aluminium\nForme : rectangulaire\nContact alimentaire : oui\nPlage de temperature min/max : -20xc2xbaC / +380xc2xbaC.\nConvient pour le micro-onde\nConvient pour le chauffage au four, la cuisson xc3xa0 la vapeur et les grillades.\nCompatible avec la congelation par air pulse et la fermeture par film plastique.\nCouvercles compatibles disponibles dans les accessoires.\nPrix pour un paquet de 20 barquettes.\nUnites par paquet\npack de 20",,,taxable,,1,,,0,0,,,,,1,,,"4000,00","Aluminium, Barquettes",,,"http://laroseellc.shop/wp-content/uploads/2023/08/8576HPB-1.jpg, http://laroseellc.shop/wp-content/uploads/2023/08/8576HPB-1.jpg, http://laroseellc.shop/wp-content/uploads/2023/08/IMG_7743-1.webp",,,,,,,,,0
7955,simple,BA83185,"Barquettes aluminium 1800ml",1,0,visible,"pack de 20","Recyclable et resistant aux graisses et aux huiles.\nContenance : 800ml\nMateriel : aluminium\nForme : rectangulaire\nContact alimentaire : oui\nPlage de temperature min/max : -20xc2xbaC / +380xc2xbaC.\nConvient pour le micro-onde\nConvient pour le chauffage au four, la cuisson xc3xa0 la vapeur et les grillades.\nCompatible avec la congelation par air pulse et la fermeture par film plastique.\nCouvercles compatibles disponibles dans les accessoires.\nPrix pour un paquet de 20 barquettes.\nUnites par paquet\npack de 20",,,taxable,,1,,,0,0,,,,,1,,,"5000,00","Aluminium, Barquettes",,,,,,,,,,,,0
7956,simple,GA008,"Barquettes aluminium 300ml",1,0,visible,"pack de 10","Recyclable et resistant aux graisses et aux huiles.\nContenance : 300ml\nMateriel : aluminium\nForme : ronde\nContact alimentaire : oui\nPlage de temperature min/max : -20xc2xbaC / +380xc2xbaC.\nConvient pour le micro-onde\nConvient pour le chauffage au four, la cuisson xc3xa0 la vapeur et les grillades.\nCompatible avec la congelation par air pulse et la fermeture par film plastique.\nCouvercles compatibles disponibles dans les accessoires.\nPrix pour un paquet de 10 barquettes.\nUnites par paquet\npack de 10",,,taxable,,1,,,0,0,,,,,1,,,"1350,00","Aluminium, Barquettes",,,"http://laroseellc.shop/wp-content/uploads/2023/08/gamelles-alu-1.jpg, http://laroseellc.shop/wp-content/uploads/2023/08/gamelles-alu1.jpg, http://laroseellc.shop/wp-content/uploads/2023/08/gamelles-alu-1.jpg",,,,,,,,,0
7957,simple,GA009,"Plats a tarte en aluminium",1,0,visible,"pack de 10","Plats xc3xa0 tarte en aluminium..\nRecyclable et resistant aux graisses et aux huiles.\nPlage de temperature min/max : -20xc2xbaC / +380xc2xbaC.\nConvient pour le micro-ondes\nConvient pour le chauffage au four, la cuisson xc3xa0 la vapeur et les grillades.\nCompatible avec la congelation par air pulse et la fermeture par film plastique.\nCouvercles compatibles disponibles dans les accessoires.\nPrix pour 10 pieces.\nUnites par paquet\npack de 10",,,taxable,,1,,,0,0,,,,,1,,,"3000,00",Aluminium,,,"http://laroseellc.shop/wp-content/uploads/2023/08/plats-a-tarte-en-aluminium1-1.jpg, http://laroseellc.shop/wp-content/uploads/2023/08/plats-a-tarte-en-aluminium1.jpg, http://laroseellc.shop/wp-content/uploads/2023/08/plats-a-tarte-en-aluminium.jpg, http://laroseellc.shop/wp-content/uploads/2023/08/plats-a-tarte-en-aluminium.png, http://laroseellc.shop/wp-content/uploads/2023/08/plats-a-tarte-en-aluminium1-1.jpg",,,,,,,,,0
7958,simple,BP004,"Barquette PP HOTP 2 comp. 1000 ml",1,0,visible,"pack de 7","Dimension : 1000 ml\nMateriel : polypropylene\nForme : rectangulaire\nContact alimentaire : oui\nCouleur : noire\nCompartiments : 2\nFacile xc3xa0 nettoyer\nPeut-xc3xaatre chauffe au micro-onde.\nNe garde pas dxe2u20acu2122odeur\nIdeal pour : repas xc3xa0 emporter\nPrix pour 7 barquettes.\nUnites par paquet\npack de 7",,,taxable,,1,,,0,0,,,,,1,,,"2500,00","Barquettes, Polypropylene",,,"http://laroseellc.shop/wp-content/uploads/2023/08/barquettes-hotpack-2-compartiment1.jpg, http://laroseellc.shop/wp-content/uploads/2023/08/barquettes-hotpack-2-compartiment2-scaled.jpg, http://laroseellc.shop/wp-content/uploads/2023/08/barquettes-hotpack-2-compartiment3.jpg, http://laroseellc.shop/wp-content/uploads/2023/08/barquettes-hotpack-2-compartiment.jpg",,,,,,,,,0
7959,simple,BP006,"Barquette PP EDI 1000ml",1,0,visible,"pack de 5","Dimension : 1000 ml\nMateriel : polypropylene\nForme : rectangulaire\nContact alimentaire : oui\nCouleur : noire\nFacile xc3xa0 nettoyer\nPeut-xc3xaatre chauffe au micro-onde.\nIdeal pour : repas xc3xa0 emporter\nRecyclable\nPrix pour 5 barquettes.\nUnites par paquet\npack de 5",,,taxable,,1,,,0,0,,1000,,,1,,,"1750,00","Barquettes, Polypropylene",,,"http://laroseellc.shop/wp-content/uploads/2023/08/barquettes-plastique-noir4.jpg, http://laroseellc.shop/wp-content/uploads/2023/08/barquettes-plastique-noir2.jpg, http://laroseellc.shop/wp-content/uploads/2023/08/barquettes-plastique-noir3.jpg, http://laroseellc.shop/wp-content/uploads/2023/08/barquettes-plastique-noir4-1.jpg, http://laroseellc.shop/wp-content/uploads/2023/08/barquettes-plastique-noir.jpg, http://laroseellc.shop/wp-content/uploads/2023/08/barquettes-plastique-noir1.jpg",,,,,,,,,0
7960,simple,BP002,"Barquettes PP HOTP 1200ml",1,0,visible,"pack de 5","Dimension : 1200 ml\nMateriel : polypropylene\nForme : rectangulaire\nContact alimentaire : oui\nCouleur : noire /rouge\nFacile xc3xa0 nettoyer\nPeut-xc3xaatre chauffe au micro-onde.\nIdeal pour : repas xc3xa0 emporter\nRecyclable\nPrix pour 5 barquettes.\nUnites par paquet\npack de 5",,,taxable,,1,,,0,0,,1200,,,1,,,"2500,00","Barquettes, Polypropylene",,,"http://laroseellc.shop/wp-content/uploads/2023/08/barquettes-hotpack1.jpg, http://laroseellc.shop/wp-content/uploads/2023/08/barquettes-hotpack1-1.jpg, http://laroseellc.shop/wp-content/uploads/2023/08/barquettes-hotpack2.jpg, http://laroseellc.shop/wp-content/uploads/2023/08/barquettes-hotpack3.jpg, http://laroseellc.shop/wp-content/uploads/2023/08/barquettes-hotpack4.jpg, http://laroseellc.shop/wp-content/uploads/2023/08/barquettes-hotpack.jpg",,,,,,,,,0
7961,simple,BP009,"Barquettes SJ transparent 1250ml lot/12",1,0,visible,"pack de 12","Dimension : 1250 ml\nMateriel : polypropylene\nForme : rectangulaire\nContact alimentaire : oui\nCouleur : noire /rouge\nFacile xc3xa0 nettoyer\nPeut-xc3xaatre chauffe au micro-onde.\nIdeal pour : repas xc3xa0 emporter\nRecyclable\nPrix pour 12 barquettes.\nUnites par paquet\npack de 12",,,taxable,,1,,,0,0,,1250,,,1,,,"3500,00","Barquettes, Polypropylene",,,,,,,,,,,,0
7962,simple,BP015,"Boxc3xaete avec Charnixc3xa8re PP 500ml lot/10",1,0,visible,"pack de 10","Ideal pour : emballer les repas xc3xa0 emporter\nIl peut xc3xaatre utilise pour congeler jusquxe2u20acu2122xc3xa0 un maximum de -20xc2xbaC.\nOn peut introduire des sauces xc3xa0 tres hautes temperatures (120xc2xbaC).\nIl peut xc3xaatre en contact direct avec de la nourriture.\nIls sont transparents pour une plus grande visibilite xc3xa0 l'interieur.\nPrix pour 10 barquettes.\nUnites par paquet\npack de 10",,,taxable,,1,,,0,0,,500,,,1,,,"2000,00","Boxc3xaetes avec Charniere, Polypropylene",,,,,,,,,,,,0
7963,simple,BP014,"Boxc3xaete avec Charniere PP 600 ml",1,0,visible,"pack de 10","Utilisable au micro-ondes\nCouleur : transparente\nIdeal pour : emballer les repas xc3xa0 emporter\nIl peut xc3xaatre utilise pour congeler jusquxe2u20acu2122xc3xa0 un maximum de -20xc2xbaC.\nOn peut introduire des sauces xc3xa0 tres hautes temperatures (120xc2xbaC).\nIl peut xc3xaatre en contact direct avec de la nourriture.\nIls sont transparents pour une plus grande visibilite xc3xa0 l'interieur.\nPrix pour 10 barquettes.\nUnites par paquet\npack de 10",,,taxable,,1,,,0,0,,600,,,1,,,"2500,00","Boxc3xaetes avec Charniere, Polypropylene",,,"http://laroseellc.shop/wp-content/uploads/2023/08/boites-avec-charniere5.jpg, http://laroseellc.shop/wp-content/uploads/2023/08/boites-avec-charniere1.jpg, http://laroseellc.shop/wp-content/uploads/2023/08/boites-avec-charniere2.jpg, http://laroseellc.shop/wp-content/uploads/2023/08/boites-avec-charniere3.jpg, http://laroseellc.shop/wp-content/uploads/2023/08/boites-avec-charniere4.jpg, http://laroseellc.shop/wp-content/uploads/2023/08/boites-avec-charniere5-1.jpg, http://laroseellc.shop/wp-content/uploads/2023/08/boites-avec-charniere.jpg",,,,,,,,,0
7964,simple,BP012,"Barquettes transparent PP 700ml",1,0,visible,"pack de 15","Facile xc3xa0 nettoyer\nPeut-xc3xaatre chauffe au micro-ondes.\nCouleur : transparente\nPrix pour 15 barquettes.\nUnites par paquet\npack de 15",,,taxable,,1,,,0,0,,700,,,1,,,"1500,00","Barquettes, Polypropylene",,,"http://laroseellc.shop/wp-content/uploads/2023/08/gamelle-plastique1.jpg, http://laroseellc.shop/wp-content/uploads/2023/08/gamelle-plastique.jpg",,,,,,,,,0
7965,simple,BP008,"Barquettes transparents NG 800ml",1,0,visible,"pack de 12","Utilisable au micro-ondes\nCompartiments : 2\nOn peut introduire des sauces xc3xa0 tres hautes temperatures (120xc2xbaC).\nIl peut xc3xaatre en contact direct avec de la nourriture.\nIls sont transparents pour une plus grande visibilite xc3xa0 l'interieur.\nPrix pour 12 barquettes.\nUnites par paquet\npack de 12",,,taxable,,1,,,0,0,,800,,,1,,,"2500,00","Barquettes, Polypropylene",,,"http://laroseellc.shop/wp-content/uploads/2023/08/IMG_7709.jpg, http://laroseellc.shop/wp-content/uploads/2023/08/IMG_7710.jpg, http://laroseellc.shop/wp-content/uploads/2023/08/IMG_7711.jpg, http://laroseellc.shop/wp-content/uploads/2023/08/IMG_7712.jpg",,,,,,,,,0
7966,simple,BP013,"Chicken bowl PP",1,0,visible,"pack de 5","Barquettes ideales pour le poulet xc3xa0 emporter et bien plus.\nReutilisables et faciles xc3xa0 nettoyer.\nPrix pour 5 barquettes\nUnites par paquet\npack de 5",,,taxable,,1,,,0,0,,,,,1,,,"3000,00","Barquettes, Polypropylene",,,"http://laroseellc.shop/wp-content/uploads/2023/08/gamelles-chicken-bowl.jpg, http://laroseellc.shop/wp-content/uploads/2023/08/gamelles-chicken-bowl2.jpg, http://laroseellc.shop/wp-content/uploads/2023/08/gamelles-chicken-bowl3.jpg, http://laroseellc.shop/wp-content/uploads/2023/08/gamelles-chicken-bowl4.jpg, http://laroseellc.shop/wp-content/uploads/2023/08/gamelles-chicken-bowl5.jpg, http://laroseellc.shop/wp-content/uploads/2023/08/gamelles-chicken-bowl6.jpg, http://laroseellc.shop/wp-content/uploads/2023/08/gamelles-chicken-bowl1.jpg",,,,,,,,,0
7967,simple,BP005,"Barquettes SJ 800ml",1,0,visible,"pack de 10","Barquette en polypropylene.\nIdeal pour : sushi xc3xa0 emporter, crxc3xaapes et bien plus\nPrix pour 10 barquettes.\nUnites par paquet\npack de 10",,,taxable,,1,,,0,0,,,,,1,,,"2200,00","Barquettes, Polypropylene",,,"http://laroseellc.shop/wp-content/uploads/2023/08/barquettes-emporter1.jpg, http://laroseellc.shop/wp-content/uploads/2023/08/barquettes-emporter1.jpg, http://laroseellc.shop/wp-content/uploads/2023/08/barquettes-emporter2.jpg, http://laroseellc.shop/wp-content/uploads/2023/08/barquettes-emporter3.jpg, http://laroseellc.shop/wp-content/uploads/2023/08/barquettes-emporter.jpg",,,,,,,,,0
7968,simple,BP010,"Barquettes rondes transp. 800ml",1,0,visible,"pack de 20","Barquette en polypropylene.\nPrix pour 20 barquettes.\nForme : rectangulaire\nUnites par paquet\npack de 20",,,taxable,,1,,,0,0,,800,,,1,,,"3000,00","Barquettes, Polypropylene",,,"http://laroseellc.shop/wp-content/uploads/2023/08/bol-en-plastique-pet-1150ml-o180mm-360-utes-1.jpg, http://laroseellc.shop/wp-content/uploads/2023/08/bol-en-plastique-pet-1150ml-o180mm-360-utes.jpg, http://laroseellc.shop/wp-content/uploads/2023/08/bol-en-plastique-pet-2250ml-o260mm-50-utes.jpg",,,,,,,,,0
7969,simple,BP001,"Barquettes PP DL 700ml",1,0,visible,"pack de 10","Facile xc3xa0 nettoyer\nNe garde pas dxe2u20acu2122odeur\nCompatible aux micro-ondes\nNe garde pas de txc3xa2ches\nPrix pour 10 barquettes.\nUnites par paquet\npack de 10",,,taxable,,1,,,0,0,,700,,,1,,,"2000,00","Barquettes, Polypropylene",,,"http://laroseellc.shop/wp-content/uploads/2023/08/barquettes-larosee.jpg, http://laroseellc.shop/wp-content/uploads/2023/08/barquettes-larosee1.jpg, http://laroseellc.shop/wp-content/uploads/2023/08/barquettes-larosee.jpg",,,,,,,,,0
7970,simple,BP011,"Barquettes NG transp. 800ml",1,0,visible,"pack de 20","Barquette en polypropylene.\nCouvercle en transparent et  couleurs\nPrix pour 20 barquettes.\nUnites par paquet\npack de 20",,,taxable,,1,,,0,0,,800,,,1,,,"3000,00","Barquettes, Polypropylene",,,http://laroseellc.shop/wp-content/uploads/2023/08/barquettes-plastique.jpg,,,,,,,,,0
7971,simple,GAM011,"Barquettes polystyrene GM",1,0,visible,"pack de 50","C'est un isolant thermique, qui maintient l'etat des aliments.\nIl ne ramollit pas et ne laisse pas fuir les liquides.\nC'est aussi un emballage hygienique, sxc3xbbr et leger pour les aliments, resistant aux chocs.\nMateriel : XPP polystyrene\nPrix pour 50 barquettes.\nUnites par paquet\npack de 50",,,taxable,,1,,,0,0,,,,,1,,,"4500,00","Barquettes, Polystyrene",,,,,,,,,,,,0
7972,simple,GAM012,"Barquettes polystyrene PM",1,0,visible,"pack de 100","C'est un isolant thermique, qui maintient l'etat des aliments.\nIl ne ramollit pas et ne laisse pas fuir les liquides.\nC'est aussi un emballage hygienique, sxc3xbbr et leger pour les aliments, resistant aux chocs.\nMateriel : XPP polystyrene\nPrix pour 100 barquettes.\nUnites par paquet\npack de 100",,,taxable,,1,,,0,0,,,,,1,,,"5000,00","Barquettes, Polystyrene",,,,,,,,,,,,0
7973,simple,BKR001,"kraft bowl rect. 900ml",1,0,visible,"pack de 12","Barquettes en carton Kraft avec couvercle en PP.\nAvec un laminage interieur le rendant impermeable.\nIsolant thermique, garde les aliments frais plus longtemps.\nIl permet de transporter des aliments liquides et solides.\nLeger et facile xc3xa0 ranger.\nForme : rectangulaire\nResistant aux chocs et aux impacts\nDesign : GreenUSA ECO\nGsm : 300\nPrix pour 12 barquettes.\nUnites par paquet\npack de 12",,,taxable,,1,,,0,0,,900,,,1,,,"3000,00","Barquettes, Carton Kraft",,,"http://laroseellc.shop/wp-content/uploads/2023/08/IMG_7716.jpg, http://laroseellc.shop/wp-content/uploads/2023/08/IMG_7716-1.jpg, http://laroseellc.shop/wp-content/uploads/2023/08/IMG_7717.jpg, http://laroseellc.shop/wp-content/uploads/2023/08/IMG_6901.jpg",,,,,,,,,0
7974,simple,BKR002,"kraft bowl rectangulaire 1250ml lot/12",1,0,visible,"pack de 12","Barquettes en carton Kraft avec couvercle en PP.\nDimension : 1250 ml\nAvec un laminage interieur le rendant impermeable.\nIsolant thermique, garde les aliments frais plus longtemps.\nIl permet de transporter des aliments liquides et solides.\nLeger et facile xc3xa0 ranger.\nForme : rectangulaire\nResistant aux chocs et aux impacts\nDesign : GreenUSA ECO\nGsm : 300\nPrix pour 12 barquettes.\nUnites par paquet\npack de 12",,,taxable,,1,,,0,0,,,,,1,,,"3850,00","Barquettes, Carton Kraft",,,"http://laroseellc.shop/wp-content/uploads/2023/08/kraft-bowl-rectangulaire-1250ml-lot12.jpg, http://laroseellc.shop/wp-content/uploads/2023/08/IMG_7717.jpg",,,,,,,,,0
7975,simple,BKR005,"Kraft bowl rectangulaire 2 comp. 1200ml",1,0,visible,"pack de 12","Barquettes en carton Kraft avec couvercle en PP.\nDimension : 1200 ml\nAvec un laminage interieur le rendant impermeable.\nIsolant thermique, garde les aliments frais plus longtemps.\nIl permet de transporter des aliments liquides et solides.\nLeger et facile xc3xa0 ranger.\nForme : rectangulaire\nCompartiments : 2\nResistant aux chocs et aux impacts\nDesign : GreenUSA ECO\nGsm : 300\nPrix pour 12 barquettes.\nUnites par paquet\npack de 12",,,taxable,,1,,,0,0,,1200,,,1,,,"5000,00","Barquettes, Carton Kraft",,,"http://laroseellc.shop/wp-content/uploads/2023/08/barquettes-papier-kraft1-1.jpg, http://laroseellc.shop/wp-content/uploads/2023/08/barquettes-papier-kraft-1.jpg",,,,,,,,,0
7976,simple,GAM013,"Barquettes afritude en carton",1,0,visible,"pack de 25","Impermeable.\nAfritude\nMateriel : carton alimentaire\nDimensions : 19 x 13 x 7 cm\nIsolant thermique, garde les aliments frais plus longtemps.\nIl permet de transporter des aliments liquides et solides.\nResistant aux chocs et aux impacts\nPrix pour 25 barquettes.\nUnites par paquet\npack de 25",,,taxable,,1,,,0,0,,19,,,1,,,"7500,00","Barquettes, Carton alimentaire",,,"http://laroseellc.shop/wp-content/uploads/2023/08/IMG_E78651-scaled.jpg, http://laroseellc.shop/wp-content/uploads/2023/08/IMG_E78651-scaled.jpg, http://laroseellc.shop/wp-content/uploads/2023/08/IMG_7863-scaled.jpg, http://laroseellc.shop/wp-content/uploads/2023/08/IMG_E7864-scaled.jpg, http://laroseellc.shop/wp-content/uploads/2023/08/IMG_E7865-scaled.jpg",,,,,,,,,0
7977,simple,PLT002,"Plateau alu rect AVEC couvercle",1,0,visible,"pack de 5","Recyclable et resistant aux graisses et aux huiles.\nDimension : 32 x 26 x 7 cm\nCompatible avec la congelation par air pulse et la fermeture par film plastique.\nCouvercles compatibles disponibles dans les accessoires.\nPrix pour 05 plateaux.\nUnites par paquet\npack de 5",,,taxable,,1,,,0,0,,32,,,1,,,"4500,00","Aluminium, Plateaux",,,,,,,,,,,,0
7978,simple,PLT0040,"Plateaux alu oval",1,0,visible,"pack de 5","Recyclable et resistant aux graisses et aux huiles.\nDimension : 46 x 35 x 9 cm\nCompatible avec la congelation par air pulse et la fermeture par film plastique.\nCouvercles compatibles disponibles dans les accessoires.\nPrix pour 05 plateaux.\nUnites par paquet\npack de 5",,,taxable,,1,,,0,0,,46,,,1,,,"9000,00","Aluminium, Plateaux",,,,,,,,,,,,0
7979,simple,PLT001,"Plateaux alu rect",1,0,visible,"pack de 5","Recyclable et resistant aux graisses et aux huiles.\nDimensions : 46 x 35 x 9 cm\nPlage de temperature min/max : -20xc2xbaC / +380xc2xbaC.\nCompatible avec la congelation par air pulse et la fermeture par film plastique.\nCouvercles compatibles disponibles dans les accessoires.\nPrix pour 05 plateaux.\nUnites par paquet\npack de 5",,,taxable,,1,,,0,0,,46,,,1,,,"7000,00","Aluminium, Plateaux",,,,,,,,,,,,0
7980,simple,PLT003,"Plateau polystyrene GM",1,0,visible,"pack de 15","La couleur blanche vehicule une image de proprete, et rapidement associee xc3xa0 des produits frais ou froids.\nDimensions : 21 x 16 cm\nRectangulaires avec des coins arrondis et une faible profondeur pour permettre l'egalite ne tombe pas.\nConformes aux exigences medicales et alimentaires.\nIdeal pour presenter aliments frais pour leur commercialisation\nPrix pour 15 plateaux.\nUnites par paquet\npack de 15",,,taxable,,1,,,0,0,,21,,,1,,,"4000,00","Plateaux, Polypropylene",,,,,,,,,,,,0
7981,simple,PLT006,"Plateau polystyrene PM",1,0,visible,"pack de 22","La couleur blanche vehicule une image de proprete, et rapidement associee xc3xa0 des produits frais ou froids.\nDimensions: 20 x 10 cm\nRectangulaires avec des coins arrondis et une faible profondeur pour permettre l'egalite ne tombe pas.\nConformes aux exigences medicales et alimentaires.\nIdeal pour presenter aliments frais pour leur commercialisation\nPrix pour 22 plateaux.\nUnites par paquet\npack de 22",,,taxable,,1,,,0,0,,20,,,1,,,"1500,00","Plateaux, Polypropylene",,,,,,,,,,,,0
7982,simple,PL001,"Assiettes jetable en plastique",1,0,visible,"pack de 50","Couleur : blanc\nDiametre : 20 cm\nJetable : oui\nContact alimentaire : oui\nMatiere : polypropylene\n\nUnites par paquet\npack de 50",,,taxable,,1,,,0,0,,20,,,1,,,"2500,00","Assiettes, Plastique",,,"http://laroseellc.shop/wp-content/uploads/2023/08/plats-assiettes-jetables1.jpg, http://laroseellc.shop/wp-content/uploads/2023/08/plats-assiettes-jetables1.jpg, http://laroseellc.shop/wp-content/uploads/2023/08/plats-assiettes-jetables.jpg, http://laroseellc.shop/wp-content/uploads/2023/08/plats-assiettes-jetables3.jpg, http://laroseellc.shop/wp-content/uploads/2023/08/plats-assiettes-jetables2.jpg",,,,,,,,,0
7983,simple,PL002,"Assiettes jetable HOTP blanc",1,0,visible,"pack de 25","Couleur : blanc\nDiametre : 23 cm\nJetable : oui\nContact alimentaire : oui\nMatiere : polypropylene\n\nUnites par paquet\npack de 25",,,taxable,,1,,,0,0,,23,,,1,,,"2500,00","Assiettes, Plastique",,,"http://laroseellc.shop/wp-content/uploads/2023/08/plats-assiettes-jetables1.jpg, http://laroseellc.shop/wp-content/uploads/2023/08/plats-assiettes-jetables.jpg, http://laroseellc.shop/wp-content/uploads/2023/08/plats-assiettes-jetables3.jpg, http://laroseellc.shop/wp-content/uploads/2023/08/plats-assiettes-jetables2.jpg",,,,,,,,,0
7984,simple,PL007,"Assiettes jetables color GM",1,0,visible,"pack de 10","Couleur : blanc\nDiametre : 22 cm\nJetable : oui\nContact alimentaire : oui\nMatiere : polypropylene\n\nUnites par paquet\npack de 10",,,taxable,,1,,,0,0,,22,,,1,,,"1250,00","Assiettes, Plastique",,,"http://laroseellc.shop/wp-content/uploads/2023/08/plats-assiettes-jetables-1.jpg, http://laroseellc.shop/wp-content/uploads/2023/08/plats-assiettes-jetables2-1.jpg, http://laroseellc.shop/wp-content/uploads/2023/08/plats-assiettes-jetables3-1.jpg, http://laroseellc.shop/wp-content/uploads/2023/08/plats-assiettes-jetables4.jpg, http://laroseellc.shop/wp-content/uploads/2023/08/plats-assiettes-jetables5.jpg, http://laroseellc.shop/wp-content/uploads/2023/08/plats-assiettes-jetables6.jpg, http://laroseellc.shop/wp-content/uploads/2023/08/plats-assiettes-jetables7.jpg, http://laroseellc.shop/wp-content/uploads/2023/08/plats-assiettes-jetables-1.jpg, http://laroseellc.shop/wp-content/uploads/2023/08/plats-assiettes-jetables1-1.jpg",,,,,,,,,0
7985,simple,PL008,"Assiettes jetables color PM",1,0,visible,"pack de 10","Couleur : blanc\nDiametre : 18 cm\nJetable : oui\nContact alimentaire : oui\nMatiere : polypropylene\n\nUnites par paquet\npack de 10",,,taxable,,1,,,0,0,,18,,,1,,,"1000,00","Assiettes, Plastique",,,,,,,,,,,,0
7986,simple,PL012,"Assiettes OR en carton GM",1,0,visible,"pack de 10","Assiettes Carton alimentaire couleur or.\nParticulierement utilise comme plateaux de service ou sous plats.\nDiametre : 29 cm\nPrix pour un paquet de 10 pieces.\nUnites par paquet\npack de 10",,,taxable,,1,,,0,0,,29,,,1,,,"2000,00","Assiettes, Carton alimentaire, Or",,,"http://laroseellc.shop/wp-content/uploads/2023/08/plats-carton-or2-1.jpg, http://laroseellc.shop/wp-content/uploads/2023/08/plats-carton-or1-1.jpg, http://laroseellc.shop/wp-content/uploads/2023/08/plats-carton-or2.jpg, http://laroseellc.shop/wp-content/uploads/2023/08/plats-carton-or3.jpg, http://laroseellc.shop/wp-content/uploads/2023/08/plats-carton-or-1.jpg",,,,,,,,,0
7987,simple,PL011,"Assiettes OR en carton PM",1,0,visible,"pack de 10","Assiettes Carton alimentaire couleur or.\nParticulierement utilise comme plats pour repas.\nDiametre : 19 cm\nPrix pour un paquet de 10 pieces.\nUnites par paquet\npack de 10",,,taxable,,1,,,0,0,,19,,,1,,,"1000,00","Assiettes, Carton alimentaire, Or",,,"http://laroseellc.shop/wp-content/uploads/2023/08/plats-carton-or1.jpg, http://laroseellc.shop/wp-content/uploads/2023/08/plats-carton-or1.jpg, http://laroseellc.shop/wp-content/uploads/2023/08/plats-carton-or.jpg",,,,,,,,,0
7988,simple,PL009,"Plats a gateau en carton",1,0,visible,"pack de 10","Petits plats en carton.\nIdeal pour partager des tranches de gxc3xa2teaux pendant les manifestations.\nDiametre : 18 cm\nPrix pour paquet de 18 pieces\nUnites par paquet\npack de 10",,,taxable,,1,,,0,0,,18,,,1,,,"1000,00","Assiettes, Carton alimentaire",,,"http://laroseellc.shop/wp-content/uploads/2023/08/plats-gateaux3.jpg, http://laroseellc.shop/wp-content/uploads/2023/08/plats-gateaux1.jpg, http://laroseellc.shop/wp-content/uploads/2023/08/plats-gateaux2.jpg, http://laroseellc.shop/wp-content/uploads/2023/08/plats-gateaux3.jpg, http://laroseellc.shop/wp-content/uploads/2023/08/plats-gateaux.jpg",,,,,,,,,0
7989,simple,PL015,"Plats FALCON en carton lot/100",1,0,visible,"pack de 100","Assiettes Carton alimentaire 100% biodegradable. Eco-friendly.\nDiametre : 23 cm\nJetable : oui\nPrix pour un paquet de 100 assiettes.\nUnites par paquet\npack de 100",,,taxable,,1,,,0,0,,23,,,1,,,"4000,00","Assiettes, Biodegradable, Carton alimentaire",,,,,,,,,,,,0
7990,simple,PL017,"Plats FALCON en carton PM",1,0,visible,"pack de 100","Assiettes Carton alimentaire 100% biodegradable. Eco-friendly.\nDiametre : 18 cm\nJetable : oui\nPrix pour un paquet de 100 assiettes.\nUnites par paquet\npack de 100",,,taxable,,1,,,0,0,,18,,,1,,,"2800,00","Assiettes, Biodegradable, Carton alimentaire",,,,,,,,,,,,0
7991,simple,ASS005,"Assiettes PP blanches",1,0,visible,"Prix pour 1kg (comprends entre 39-45 pieces)","Ce plateau rectangulaire est fonctionnel xc3xa0 la fois dans la conception et la convivialite et met en valeur vos celebres produits fraxc3xaechement prepares, xc3xa0 savoir les biscuits, les pxc3xa2tisseries, les beignets et bien plus.\nDimensions : 23 x 16 cm\nBon pour les supermarches, les restaurants, les entreprises de livraison, les restaurants et les cafes, son style elegant convient pour xc3xaatre utilise dans les vitrines et les demonstrations de placement de produits devant la maison.\n\nPrix pour 1kg (comprends entre 39-45 pieces)",,,taxable,,1,,,0,0,,23,,,1,,,"6000,00","Assiettes, Polypropylene",,,http://laroseellc.shop/wp-content/uploads/2023/08/OIP.jpg,,,,,,,,,0
7992,simple,PL018,"Assiettes en carton blanc or",1,0,visible,"pack de 10",,,,taxable,,1,,,0,0,,23,,,1,,,"1000,00","Carton alimentaire, Papier",,,http://laroseellc.shop/wp-content/uploads/2023/08/Paper-Plate.jpg,,,,,,,,,0
7993,simple,couv001,"Cuilleres jetables blanches",1,0,visible,"pack de 50","Cuillere jetable en plastique blanche.\nLe prix est pour le paquet de 50 cuilleres.\nUnites par paquet\npack de 50",,,taxable,,1,,,0,0,,,,,1,,,"700,00","Couverts Jetables, Cuilleres, Plastique",,,,,,,,,,,,0
7994,simple,couv0012,"Fourchettes jetables blanches",1,0,visible,"pack de 50","Fourchette jetable en plastique blanche.\nLe prix est pour le paquet de 50 fourchettes.\nUnites par paquet\npack de 50",,,taxable,,1,,,0,0,,,,,1,,,"700,00","Couverts Jetables, Fourchettes, Plastique",,,"http://laroseellc.shop/wp-content/uploads/2023/08/1er-prix-couverts-fourchettes-17cm-plastique-blanc-pas-cher-discount-grossit.jpg, http://laroseellc.shop/wp-content/uploads/2023/08/1er-prix-couverts-fourchettes-17cm-plastique-blanc-pas-cher-discount-grossit.jpg, http://laroseellc.shop/wp-content/uploads/2023/08/Disposable-Forks.jpg",,,,,,,,,0
7995,simple,couv003,"Fourchettes reutilisables transparentes",1,0,visible,"pack de 50","100% recyclable.\nMateriau leger et rigide qui l'empxc3xaache de se plier ou de se casser.\nIdeal pour tous les types d'entreprises de restauration, les cantines scolaires, les hxc3xb4pitaux ainsi que les services de restauration.\nLe prix est pour un paquet de 50 fourchettes.",,,taxable,,1,,,0,0,,,,,1,,,"2000,00","Fourchettes, Transparent",,,"http://laroseellc.shop/wp-content/uploads/2023/08/fourchette-plastique-transparent-190mm.jpg, http://laroseellc.shop/wp-content/uploads/2023/08/fourchette-plastique-transparent-190mm-1.jpg, http://laroseellc.shop/wp-content/uploads/2023/08/fourchettes-jetable-transparente-10-cm-par-250.jpg",,,,,,,,,0
7996,simple,couv0032,"Fourchettes rxc3xa9utilisables transparentes",1,0,visible,50,,,,taxable,,1,,,0,0,,,,,1,,,"2000,00",Divers,,,,,,,,,,,,0
7997,simple,couv004,"Cuilleres a dessert jetables blanches",1,0,visible,"pack de 50",,,,taxable,,1,,,0,0,,,,,1,,,"500,00","Biodegradable, Cuilleres, Plastique",,,"http://laroseellc.shop/wp-content/uploads/2023/08/CUILLERE-A-DESSERT-EN-PLASTIQUE-BLANC-LOT-DE-100-.jpg, http://laroseellc.shop/wp-content/uploads/2023/08/cuillere-a-dessert.jpg, http://laroseellc.shop/wp-content/uploads/2023/08/CUILLERE-A-DESSERT-EN-PLASTIQUE-BLANC-LOT-DE-100-.jpg",,,,,,,,,0
7998,simple,couv006,"Fourchettes en OR jetables",1,0,visible,"pack de 10",,,,taxable,,1,,,0,0,,,,,1,,,"1000,00","Fourchettes, Plastique",,,"http://laroseellc.shop/wp-content/uploads/2023/08/fourchettes-en-or.jpg, http://laroseellc.shop/wp-content/uploads/2023/08/fourchettes-en-or2.jpg, http://laroseellc.shop/wp-content/uploads/2023/08/fourchettes-en-or.jpg, http://laroseellc.shop/wp-content/uploads/2023/08/fourchettes-en-or1.jpg",,,,,,,,,0
8000,simple,couv008,"Cuilleres a glace",1,0,visible,"pack de 24",,,,taxable,,1,,,0,0,,,,,1,,,"500,00","Cuilleres, Plastique",,,"http://laroseellc.shop/wp-content/uploads/2023/08/cuillere-a-glace.jpg, http://laroseellc.shop/wp-content/uploads/2023/08/cuillere-a-glace1.jpg, http://laroseellc.shop/wp-content/uploads/2023/08/cuillere-a-glace.jpg",,,,,,,,,0
8001,simple,couv009,"Fruit fork",1,0,visible,"pack de 50",,,,taxable,,1,,,0,0,,,,,1,,,"750,00","Fourchettes, Plastique",,,"http://laroseellc.shop/wp-content/uploads/2023/08/pique-fruit.jpg, http://laroseellc.shop/wp-content/uploads/2023/08/fruit-fork1.jpg, http://laroseellc.shop/wp-content/uploads/2023/08/fruit-fork.jpg, http://laroseellc.shop/wp-content/uploads/2023/08/pique-fruit.jpg",,,,,,,,,0
8002,simple,couv010,"Kit couverts",1,0,visible,"pack de 25",,,,taxable,,1,,,0,0,,,,,1,,,"3000,00","Biodegradable, Couteaux, Cuilleres, Fourchettes, Kits, Varies",,,"http://laroseellc.shop/wp-content/uploads/2023/08/kit-couvert-1.jpg, http://laroseellc.shop/wp-content/uploads/2023/08/kit-couvert1.jpg, http://laroseellc.shop/wp-content/uploads/2023/08/kit-couvert2.jpg, http://laroseellc.shop/wp-content/uploads/2023/08/kit-couvert.jpg, http://laroseellc.shop/wp-content/uploads/2023/08/kit-couvert.png",,,,,,,,,0
8003,simple,couv014,"Cuilleres a dessert transparentes",1,0,visible,"pack de 50",,,,taxable,,1,,,0,0,,,,,1,,,"1000,00","Biodegradable, Cuilleres, Plastique",,,"http://laroseellc.shop/wp-content/uploads/2023/08/couverts-luxe-translucite-cuillere-13cm-plastique-discount-grossite-csj-emba.jpg, http://laroseellc.shop/wp-content/uploads/2023/08/couverts-luxe-translucite-cuillere-13cm-plastique-discount-grossite-csj-emba.jpg, http://laroseellc.shop/wp-content/uploads/2023/08/cuillere-a-dessert-transparent.jpg",,,,,,,,,0
8004,simple,couv016,"Fourchettes jetables en bois",1,0,visible,"pack de 50",,,,taxable,,1,,,0,0,,,,,1,,,"2000,00","Bois, Fourchettes",,,"http://laroseellc.shop/wp-content/uploads/2023/08/lot-de-12-fourchettes-en-bois-ecologique-16cm-naturel.jpg, http://laroseellc.shop/wp-content/uploads/2023/08/fourchettes-en-bois.jpg, http://laroseellc.shop/wp-content/uploads/2023/08/lot-de-12-fourchettes-en-bois-ecologique-16cm-naturel.jpg",,,,,,,,,0
8005,simple,couv018,"Cuillere a glace en bois",1,0,visible,"pack de 50",,,,taxable,,1,,,0,0,,,,,1,,,"1000,00","Bois, Cuilleres",,,"http://laroseellc.shop/wp-content/uploads/2023/08/cuillere-a-glace-en-bois.jpg, http://laroseellc.shop/wp-content/uploads/2023/08/cuillere-a-glace-en-bois.jpg, http://laroseellc.shop/wp-content/uploads/2023/08/cuillere-a-glace-en-bois1.jpg",,,,,,,,,0
8006,simple,cout001,"Couteaux jetables blanc",1,0,visible,"pack de 20",,,,taxable,,1,,,0,0,,,,,1,,,"500,00","Biodegradable, Couteaux",,,"http://laroseellc.shop/wp-content/uploads/2023/08/couteau-jetable1.jpeg, http://laroseellc.shop/wp-content/uploads/2023/08/couteau-jetable-1.jpeg",,,,,,,,,0
8224,simple,BKR006,"Kraft bowl rectangulaire 2 comp. 2100ml",1,0,visible,"pack de 12","Barquettes en carton Kraft avec couvercle en PP.\nDimension : 2100 ml\nAvec un laminage interieur le rendant impermeable.\nIsolant thermique, garde les aliments frais plus longtemps.\nIl permet de transporter des aliments liquides et solides.\nLeger et facile xc3xa0 ranger.\nForme : rectangulaire\nCompartiments : 2\nResistant aux chocs et aux impacts\nDesign : GreenUSA ECO\nGsm : 300\nPrix pour 12 barquettes.\nUnites par paquet\npack de 12",,,taxable,,1,,,0,0,,2100,,,1,,,"6000,00","Barquettes, Carton Kraft",,,"http://laroseellc.shop/wp-content/uploads/2023/08/barquettes-papier-kraft-1.jpg, http://laroseellc.shop/wp-content/uploads/2023/08/barquettes-papier-kraft1-1.jpg, http://laroseellc.shop/wp-content/uploads/2023/08/barquettes-papier-kraft-1.jpg",,,,,,,,,0
8225,simple,BKR003,"kraft bowl round 750ml",1,0,visible,"pack de 12","Barquettes en carton Kraft avec couvercle en PP.\nDimension : 750 ml\nAvec un laminage interieur le rendant impermeable.\nIsolant thermique, garde les aliments frais plus longtemps.\nIl permet de transporter des aliments liquides et solides.\nLeger et facile xc3xa0 ranger.\nForme : rectangulaire\nResistant aux chocs et aux impacts\nDesign : GreenUSA ECO\nGsm : 300\nPrix pour 12 barquettes.\nUnites par paquet\npack de 12",,,taxable,,1,,,0,0,,750,,,1,,,"3000,00","Barquettes, Carton Kraft",,,"http://laroseellc.shop/wp-content/uploads/2023/08/barquettes-papier-kraft1.jpg, http://laroseellc.shop/wp-content/uploads/2023/08/barquettes-papier-kraft3.jpg, http://laroseellc.shop/wp-content/uploads/2023/08/barquettes-papier-kraft4.jpg, http://laroseellc.shop/wp-content/uploads/2023/08/barquettes-papier-kraft.jpg, http://laroseellc.shop/wp-content/uploads/2023/08/barquettes-papier-kraft2.jpg",,,,,,,,,0
8226,simple,BKR004,"kraft bowl round 1000ml",1,0,visible,"pack de 12","Barquettes en carton Kraft avec couvercle en PP.\nDimension : 1000 ml\nAvec un laminage interieur le rendant impermeable.\nIsolant thermique, garde les aliments frais plus longtemps.\nIl permet de transporter des aliments liquides et solides.\nLeger et facile xc3xa0 ranger.\nForme : rectangulaire\nCompartiments : 2\nResistant aux chocs et aux impacts\nDesign : GreenUSA ECO\nGsm : 300\nPrix pour 12 barquettes.\nUnites par paquet\npack de 12",,,taxable,,1,,,0,0,,1000,,,1,,,"3850,00","Barquettes, Carton Kraft",,,"http://laroseellc.shop/wp-content/uploads/2023/08/kraft-bowl-round-1000ml-2.jpg, http://laroseellc.shop/wp-content/uploads/2023/08/kraft-bowl-round-1000ml-3.jpg, http://laroseellc.shop/wp-content/uploads/2023/08/kraft-bowl-round-1000ml-4.jpg, http://laroseellc.shop/wp-content/uploads/2023/08/kraft-bowl-round-1000ml-5.jpg, http://laroseellc.shop/wp-content/uploads/2023/08/kraft-bowl-round-1000ml.jpg, http://laroseellc.shop/wp-content/uploads/2023/08/kraft-bowl-round-1000ml-2-1.jpg",,,,,,,,,0
8227,simple,PLT004R,"Plateau alu oval",1,0,visible,"pack de 5","Recyclable et resistant aux graisses et aux huiles.\nDimension : 46 x 35 x 9 cm\nCompatible avec la congelation par air pulse et la fermeture par film plastique.\nCouvercles compatibles disponibles dans les accessoires.\nPrix pour 05 plateaux.\nUnites par paquet\npack de 5",,,taxable,,1,,,0,0,,46,,,1,,,"10000,00","Aluminium, Plateaux",,,,,,,,,,,,0
8228,simple," PL015","Plats FALCON en carton GM",1,0,visible,"pack de 100",,,,taxable,,1,,,0,0,,23,,,1,,,"4000,00",Divers,,,,,,,,,,,,0
